{
  "project_info": {
    "project_number": "1081986802043",
    "project_id": "jofoodapp",
    "storage_bucket": "jofoodapp.appspot.com"
  },
  "client": [
    {
      "client_info": {
        "mobilesdk_app_id": "1:1081986802043:android:502e53ff8c3c809648ddde",
        "android_client_info": {
          "package_name": "edu.sti.jofoodappdemo1"
        }
      },
      "oauth_client": [
        {
          "client_id": "1081986802043-9m6e4e1k58v67jv7iivmdb61qehvvb7t.apps.googleusercontent.com",
          "client_type": 3
        }
      ],
      "api_key": [
        {
          "current_key": "AIzaSyAqtS5kLw_bS1s6CdtNlLN7aftCoczxj5k"
        }
      ],
      "services": {
        "appinvite_service": {
          "other_platform_oauth_client": [
            {
              "client_id": "1081986802043-9m6e4e1k58v67jv7iivmdb61qehvvb7t.apps.googleusercontent.com",
              "client_type": 3
            }
          ]
        }
      }
    },
    {
      "client_info": {
        "mobilesdk_app_id": "1:1081986802043:android:b10b718791a6743e48ddde",
        "android_client_info": {
          "package_name": "edu.sti.jofoodappdemo2"
        }
      },
      "oauth_client": [
        {
          "client_id": "1081986802043-9m6e4e1k58v67jv7iivmdb61qehvvb7t.apps.googleusercontent.com",
          "client_type": 3
        }
      ],
      "api_key": [
        {
          "current_key": "AIzaSyAqtS5kLw_bS1s6CdtNlLN7aftCoczxj5k"
        }
      ],
      "services": {
        "appinvite_service": {
          "other_platform_oauth_client": [
            {
              "client_id": "1081986802043-9m6e4e1k58v67jv7iivmdb61qehvvb7t.apps.googleusercontent.com",
              "client_type": 3
            }
          ]
        }
      }
    }
  ],
  "configuration_version": "1"
}